{
  "sensors_ext": {
    "camera_intrinsics": [
      458.654,
      457.296,
      367.215,
      248.375
    ],
    "camera_distortion_coeffs": [
      -0.28340811,
      0.07395907,
      0.00019359,
      1.76187114e-05
    ],
    "camera_image_size": [
      752,
      480
    ],
    "T_camera_imu": [
      0.0652229,
      -0.0207064,
      -0.0080546,
      0.00770718,
      -0.0104993,
      -0.701753,
      0.712301
    ]
  }
}