{
  "sensors_ext": {
    "camera_intrinsics": [
      696.7174426776,
      696.4862496732,
      708.4206218964,
      535.6712007522
    ],
    "camera_distortion_coeffs": [
      -0.0465180371,
      0.0160363324,
      -0.0170339468,
      0.0050095489
    ],
    "camera_image_size": [
      1440,
      1080
    ],
    "T_camera_imu": [
      0.0610733,
      0.00607413,
      -0.0505464,
      0.498782,
      0.501841,
      0.499521,
      -0.499851
    ]
  }
}