{
  "sensors_ext": {
    "camera_intrinsics": [
      431.38739114,
      430.24961762,
      427.4407802,
      238.52694868
    ],
    "camera_distortion_coeffs": [
      0.00701751,
      -0.00259845,
      -0.00147552,
      0.00066408
    ],
    "camera_image_size": [
      848,
      480
    ],
    "T_camera_imu": [
      0.00586,
      0.01738,
      -0.01596,
      -0.00072,
      0.00087,
      -0.00151,
      1.00000
    ]
  }
}