{
  "sensors_ext": {
    "camera_intrinsics": [
      696.7174426776,
      696.4862496732,
      708.4206218964,
      535.6712007522
    ],
    "camera_distortion_model": "kannala_brandt",
    "camera_distortion_coeffs": [
      -0.0465180371,
      0.0160363324,
      -0.0170339468,
      0.0050095489
    ],
    "camera_image_size": [
      1440,
      1080
    ],
    "T_imu_camera": [
      0.05071,
      -0.06096,
      -0.00593,
      0.49878,
      0.50184,
      0.49952,
      0.49985
    ],
    "T_lidar_camera": [
      0.04121,
      0.05444,
      0.10037,
      0.50218,
      -0.50044,
      0.49968,
      -0.49768
    ],
    "imu_acc_noise": 0.01,
    "imu_gyro_noise": 0.01,
    "imu_int_noise": 0.01
  }
}